[
  {
    "id": "1700000001",
    "name": "Morning Line",
    "type": "Daily",
    "days": [
      "Mon",
      "Tue",
      "Wed",
      "Thu",
      "Fri"
    ],
    "amount": 50000,
    "currentBF": 48500,
    "createdAt": "2025-01-15T06:00:00.000Z",
    "updatedAt": "2025-01-15T06:00:00.000Z"
  },
  {
    "id": "1700000002",
    "name": "Evening Line",
    "type": "Daily",
    "days": [
      "Mon",
      "Tue",
      "Wed",
      "Thu",
      "Fri",
      "Sat"
    ],
    "amount": 75000,
    "currentBF": 72300,
    "createdAt": "2025-01-15T14:00:00.000Z",
    "updatedAt": "2025-01-15T14:00:00.000Z"
  },
  {
    "id": "1700000003",
    "name": "Weekend Special",
    "type": "Weekly",
    "days": [
      "Sat",
      "Sun"
    ],
    "amount": 30000,
    "currentBF": 29500,
    "createdAt": "2025-01-20T08:00:00.000Z",
    "updatedAt": "2025-01-20T08:00:00.000Z"
  }
]
